<library path="lib/libvelocore">
  <class name="velodyne/VelodynePointCloudNodelet" type="velodyne::VelodynePointCloudNodelet" base_class_type="nodelet::Nodelet">
    <description>
      Publish complete velodyne scan as point cloud (deprecated).
    </description>
  </class>
  <class name="velodyne/VelodyneDriverNodelet" type="velodyne::VelodyneDriverNodelet" base_class_type="nodelet::Nodelet">
    <description>
      Publish raw Velodyne data over ROS.
    </description>
  </class>
  <class name="velodyne/VelodyneProjectorNodelet" type="velodyne::VelodyneProjectorNodelet" base_class_type="nodelet::Nodelet">
    <description>
      Subscribe to raw Velodyne packets and project to usable XYZ values.
    </description>
  </class>
  <class name="velodyne/VelodyneToPointCloudNodelet" type="velodyne::VelodyneToPointCloudNodelet" base_class_type="nodelet::Nodelet">
    <description>
      Subscribe to raw Velodyne packets and project to PointCloud2
    </description>
  </class>
</library>
