<class_libraries>
  <library path="lib/liblidarsegm_pjfa_velodyne_segmenter">
    <class name="lidarsegm_pjfa/VelodyneSegmenter" 
           type="lipe::VelodyneSegmenter"
           base_class_type="nodelet::Nodelet">
      <description>
       Nodelet for segmentation with Velodyne sensor
      </description>
    </class>
  </library>
  <library path="lib/liblidarsegm_pjfa_ibeo_segmenter">
    <class name="lidarsegm_pjfa/IbeoSegmenter"
           type="lipe::IbeoSegmenter"
           base_class_type="nodelet::Nodelet">
       <description>
       Nodelet for segmentation with Ibeo sensor
       </description>
     </class>
  </library>
</class_libraries>
